-- Create a new user and grant all privileges
CREATE USER 'mediavaultadmin'@'localhost' IDENTIFIED BY '0000';
GRANT ALL PRIVILEGES ON * . * TO 'mediavaultadmin'@'localhost';
FLUSH PRIVILEGES;

-- Create mediavault database
CREATE DATABASE mediavault;
USE mediavault;

CREATE TABLE users (
	username VARCHAR(100) NOT NULL,
    userID INT NOT NULL AUTO_INCREMENT,
    PRIMARY KEY (userID)
);

CREATE TABLE logins (
	usernameEnc VARCHAR(255),
    passwordEnc VARCHAR(255),
    PRIMARY KEY (usernameEnc)
);

CREATE TABLE mediacollections (
	id INT NOT NULL AUTO_INCREMENT,
    userID INT NOT NULL,
    PRIMARY KEY (id)
);

CREATE TABLE mediarelations (
	mediaID INT NOT NULL,
    mediaCollectionID INT NOT NULL
);

CREATE TABLE allmovies (
	id INT NOT NULL,
    title VARCHAR(255),
    releaseDate VARCHAR(20),
    overview VARCHAR(900),
    posterPath VARCHAR(100),
    genre VARCHAR(50),
    runtime INT,
    PRIMARY KEY(id)
);

INSERT INTO users(username) VALUES
('user1'),('user2'),('user3'),('user4'),('user5'),('user6'),('user7'),('user8'),
('user9'),('user10'),('user11');

INSERT INTO mediacollections(userid) VALUES 
(1), (2), (3), (4);

INSERT INTO mediarelations(mediacollectionid, mediaid) VALUES
(1, 631842), (1, 505642), (2, 631842), (3, 631842), (4, 631842), (4,19995);

INSERT INTO mediarelations(mediacollectionid, mediaid) VALUES
(4, 843794), (4, 411), (4, 1003580), (4, 587092), (4,615777), (4,718930);

INSERT INTO logins(usernameEnc,passwordEnc) VALUES
('9ec62c20118ff506dac139ec30a521d12b9883e55da92b7d9adeefe09ed4e0bd152e2a099339871424263784f8103391f83b781c432f45eccb03e18e28060d2f','fb131bc57a477c8c9d068f1ee5622ac304195a77164ccc2d75d82dfe1a727ba8d674ed87f96143b2b416aacefb555e3045c356faa23e6d21de72b85822e39fdd'),
('291116775902b38dd09587ad6235cec503fc14dbf9c09cad761f2e5a5755102eaceb54b95ffd179c22652c3910dbc6ed85ddde7e09eef1ecf3ad219225f509f5','5f28f24f5520230fd1e66ea6ac649e9f9637515f516b2ef74fc90622b60f165eafca8f34db8471b85b9b4a2cdf72f75099ae0eb8860c4f339252261778d406eb'),
('8ac4145c8e388ddfe3cd94886f026260d917cab07903c533f3a26945019bc4a50e6f23f266acbb0cbae89130fa3242c9a5145e4218c3ef1deebccb58d1a64a43','5e3155774d39d97c5f9e17c108c2b3e0485a43ae34ebd196f61a6f8bf732ef71a49e5710594cfc7391db114edf99f5da3ed96ef1d6ca5e598e85f91bd41e7eeb'),
('6725c0435c585ea54b0dbba81ae7cad2e56257efd6ab10940ffc3e7adc1274b44379a1c1e8f0e5bd1fe01e3774ffe2b2a53f5f31f7cb091a9fd6be55471457d7','a5e4209e841321ae706ee84b94b38088a18acc7643250e4bb0af543c9d7599a0854c8e08c2283ec0ee338806cca171206340a510c5c406beb6ec3b6f18150c4b'),
('4f796267fa62838c0146d10fae3394877ccdb5197be86f20adcc3b0b844ab913a9530ae6b51f3f117d616899befac104daac2dc302e1e42c11451e8612e042e8','4e2589ee5a155a86ac912a5d34755f0e3a7d1f595914373da638c20fecd7256ea1647069a2bb48ac421111a875d7f4294c7236292590302497f84f19e7227d80'),
('98e0de00aaf6c95eaafcd4e99a1258a06cf2c2465badf0c138e5fd5c462bdd27f37573b830b60a23946cf2e0fb77762c1b1daef9b44ff9dd9ca509a64a4069b5','2acdcd7a6497cc2702c9f3cf87d4ac93562676841bc518ccd7f0a0061b4a58c4928b9115e2fdc32dfe3e3bdf80a2119a6d39c3125b16e0e7085a65c3777585bc'),
('bfa2c173b6ea6f0231a9695c0dd068c916c40d6f7004eef72c1c84fa8068563ea8a2f24e40ba905e7b44212147fa3fd213e1689a2b14e2660fe3dfec958d61e3','93763d6b1457e9fb44eeb346737783ad13bb739370d4a7d42d9cade8da9040b8c64e525aa0f2afde2dd5a98e763fbde69a679098603083c6a76fa2f66aa1188'),
('437fdf2893dc62b6290725e12a91ebfd5ba9d55e33bab0a9f8775edb1a43caa508bde707697d77a3f4248bb9112ce03c93e89ff79470695c2debdeb6919b4def','bb602aa6ebb8decd4a7293b1c428cf4889df083d0984378ceefc600a371ac96de20ed1fbc8adf3baa8e63a28d20b750b1dd2512c51cf78490b602b5bc50e47c1'),
('bc2b45060e6b26332b9296dc418858e3ee4bfcccab7309de9630f67ec756d15ad90c762f4fb027a8a57d1735c310537c8ffe7beaf1fb6138be912cd40d8aa0bb','4fcfd9010619e20c3f94a00d90503ea807bc0cb95c590fdfc6386af60531d16f7ce7473a5d06aff5ec0998895c66d53ce2d570479f94286c90f15d318b9cd992'),
('9493d60cc7456bab470c615c6c70d3eb3b31ebdfbcdd52bf242f8fddd7380f4af8742b41cffdccdbf4d5164cb8ac9e95574efce18a3442d4b4e7ad03ab8aeff0','b4e012a4ec31009c3a5345bde51e86bf9d888096206da8536545e6ab98979633b3d8111d6ebe5e87f3f86a169a82a899dfc5de57d0ef309faa01ef296a2c9fd4'),
('e531286ad0aca20c9cd144a03979090a9d41955970f3654e231a9a49bce7dfab5275313cea083cc642e9d5519ab2e45ce5fd8cc518ad920d1486a4aa0c5f0f4f','b0412597dcea813655574dc54a5b74967cf85317f0332a2591be7953a016f8de56200eb37d5ba593b1e4aa27cea5ca27100f94dccd5b04bae5cadd4454dba67d');


INSERT INTO allmovies(id,title,releaseDate,overview,posterPath,genre,runtime) VALUES
('631842','Knock at the Cabin','2023-02-01','While vacationing at a remote cabin, a young girl and her two fathers are taken hostage by four armed strangers who demand that the family make an unthinkable choice to avert the apocalypse. With limited access to the outside world, the family must decide what they believe before all is lost.','http://image.tmdb.org/t/p/w500/dm06L9pxDOL9jNSK4Cb6y139rrG.jpg','Horror','100'),
('505642','Black Panther: Wakanda Forever','2022-11-09','Queen Ramonda, Shuri, M’Baku, Okoye and the Dora Milaje fight to protect their nation from intervening world powers in the wake of King T’Challa’s death.  As the Wakandans strive to embrace their next chapter, the heroes must band together with the help of War Dog Nakia and Everett Ross and forge a new path for the kingdom of Wakanda.','http://image.tmdb.org/t/p/w500/sv1xJUazXeYqALzczSZ3O6nkH75.jpg','Action','162'),
('315162','Puss in Boots: The Last Wish','2022-12-07','Puss in Boots discovers that his passion for adventure has taken its toll: He has burned through eight of his nine lives, leaving him with only one life left. Puss sets out on an epic journey to find the mythical Last Wish and restore his nine lives.','http://image.tmdb.org/t/p/w500/kuf6dutpsT0vSVehic3EZIqkOBt.jpg','Animation','103'),
('646389','Plane','2023-01-12','After a heroic job of successfully landing his storm-damaged aircraft in a war zone, a fearless pilot finds himself between the agendas of multiple militias planning to take the plane and its passengers hostage.','http://image.tmdb.org/t/p/w500/qi9r5xBgcc9KTxlOLjssEbDgO0J.jpg','Action','107'),
('772515','Huesera: The Bone Woman','2023-02-10','Valeria''s joy at becoming a first-time mother is quickly taken away when she''s cursed by a sinister entity. As danger closes in, she''s forced deeper into a chilling world of dark magic that threatens to consume her.','http://image.tmdb.org/t/p/w500/1mZcxuL4GLUvPdEXC4iZPjG2EO3.jpg','Drama','93'),
('1058949','Little Dixie','2023-02-03','Erstwhile Special Forces operative Doc Alexander is asked to broker a truce with the Mexican drug cartel in secrecy. When Oklahoma Governor Richard Jeffs celebrates the execution of a high-ranking cartel member on TV, his Chief of Staff and Doc inform him about the peace he just ended. But it’s too late, as Cuco, the cartel’s hatchet man, has set his vengeful sights on Doc’s daughter Dixie.','http://image.tmdb.org/t/p/w500/cmWTZj9zzT9KFt3XyL0gssL7Ig8.jpg','Thriller','105'),
('842942','Bandit','2022-09-23','After escaping a Michigan prison, a charming career criminal assumes a new identity in Canada and goes on to rob a record 59 banks and jewellery stores while being hunted by a rogue task force. Based on the story of The Flying Bandit.','http://image.tmdb.org/t/p/w500/yph9PAbmjYPvyvbeZvdYIhCZHEu.jpg','Crime','126'),
('76600','Avatar: The Way of Water','2022-12-14','Set more than a decade after the events of the first film, learn the story of the Sully family (Jake, Neytiri, and their kids), the trouble that follows them, the lengths they go to keep each other safe, the battles they fight to stay alive, and the tragedies they endure.','http://image.tmdb.org/t/p/w500/t6HIqrRAclMCA60NsSmeqe9RmNV.jpg','Science Fiction','192'),
('823999','Diabolik - Ginko all''attacco!','2022-11-17','Diabolik nearly gets caught in Inspector Ginko''s latest trap, leaving his partner in crime Eva Kant behind in the escape. Furious, Eva offers Ginko her help in capturing the King of Terror, but the former has to face the return of an old flame of his: Altea, Duchess of Vallenberg.','http://image.tmdb.org/t/p/w500/31MkuLvT1CfGn7RYorWrqEY7NEM.jpg','Crime','111'),
('536554','M3GAN','2022-12-28','A brilliant toy company roboticist uses artificial intelligence to develop M3GAN, a life-like doll programmed to emotionally bond with her newly orphaned niece. But when the doll''s programming works too well, she becomes overprotective of her new friend with terrifying results.','http://image.tmdb.org/t/p/w500/d9nBoowhjiiYc4FBNtQkPY7c11H.jpg','Science Fiction','102'),
('758009','Shotgun Wedding','2022-12-28','Darcy and Tom gather their families for the ultimate destination wedding but when the entire party is taken hostage, “’Til Death Do Us Part” takes on a whole new meaning in this hilarious, adrenaline-fueled adventure as Darcy and Tom must save their loved ones—if they don’t kill each other first.','http://image.tmdb.org/t/p/w500/t79ozwWnwekO0ADIzsFP1E5SkvR.jpg','Action','101'),
('640146','Ant-Man and the Wasp: Quantumania','2023-02-15','Super-Hero partners Scott Lang and Hope van Dyne, along with with Hope''s parents Janet van Dyne and Hank Pym, and Scott''s daughter Cassie Lang, find themselves exploring the Quantum Realm, interacting with strange new creatures and embarking on an adventure that will push them beyond the limits of what they thought possible.','http://image.tmdb.org/t/p/w500/ngl2FKBlU4fhbdsrtdom9LVLBXw.jpg','Adventure','125'),
('1058732','The Simpsons Meet the Bocellis in Feliz Navidad','2022-12-15','This Christmas, Homer surprises Marge with the ultimate gift: an unforgettable performance from Italian opera superstar Andrea Bocelli and his children Matteo and Virginia.','http://image.tmdb.org/t/p/w500/9rJFKvYvSyQ3HoTl1gcU55FOzYi.jpg','Animation','4'),
('267805','There Are No Saints','2022-05-27','A man is imprisoned for a crime he didn''t commit. When his wife is murdered and his son kidnapped and taken to Mexico, he devises an elaborate and dangerous plan to rescue his son and avenge the murder.','http://image.tmdb.org/t/p/w500/fcOTYArjKuAgufwHoTvx8w9UKCv.jpg','Action','105'),
('1011679','Shark Side of the Moon','2022-08-12','Decades ago, the USSR developed unkillable sharks and launched them to the moon. Today, a team of American astronauts will endure the fight of their lives.','http://image.tmdb.org/t/p/w500/v5CfpzxoJDkZxjZAizClFdlEF0U.jpg','Action','88'),
('785084','The Whale','2022-12-09','A reclusive English teacher suffering from severe obesity attempts to reconnect with his estranged teenage daughter for one last chance at redemption.','http://image.tmdb.org/t/p/w500/jQ0gylJMxWSL490sy0RrPj1Lj7e.jpg','Drama','117'),
('1035806','Detective Knight: Independence','2023-01-20','Detective James Knight''s last-minute assignment to the Independence Day shift turns into a race to stop an unbalanced ambulance EMT from imperiling the city''s festivities. The misguided vigilante, playing cop with a stolen gun and uniform, has a bank vault full of reasons to put on his own fireworks show... one that will strike dangerously close to Knight''s home.','http://image.tmdb.org/t/p/w500/jrPKVQGjc3YZXm07OYMriIB47HM.jpg','Action','92'),
('436270','Black Adam','2022-10-19','Nearly 5,000 years after he was bestowed with the almighty powers of the Egyptian gods—and imprisoned just as quickly—Black Adam is freed from his earthly tomb, ready to unleash his unique form of justice on the modern world.','http://image.tmdb.org/t/p/w500/pFlaoHTZeyNkG83vxsAJiGzfSsa.jpg','Action','125'),
('843794','JUNG_E','2023-01-20','On an uninhabitable 22nd-century Earth, the outcome of a civil war hinges on cloning the brain of an elite soldier to create a robot mercenary.','http://image.tmdb.org/t/p/w500/z2nfRxZCGFgAnVhb9pZO87TyTX5.jpg','Science Fiction','98'),
('842544','Transfusion','2023-01-05','Ryan Logan, a former Special Forces operative, is battling to cope with life after the loss of his wife.  He is thrusted into the criminal underworld to keep his only son from being taken from him.','http://image.tmdb.org/t/p/w500/bxh5xCCW9Ynfg6EZJWUkc1zqTnr.jpg','Crime','105'),
('587092','Unicorn Wars','2022-10-21','An army of bear cubs train and indoctrinate young recruits for the war against the unicorns, which threatens the safety of the cubs. Brothers Bluet and Tubby, along with a group of inexperienced cadets, are sent on a dangerous mission to save the Magic Forest, where the unicorns live, and start a terrible battle.','http://image.tmdb.org/t/p/w500/8KBj11zBaRdhoeq1q9jcAwKmDSk.jpg','Action','92'),
('653851','Devotion','2022-11-23','The harrowing true story of two elite US Navy fighter pilots during the Korean War. Their heroic sacrifices would ultimately make them the Navy''s most celebrated wingmen.','http://image.tmdb.org/t/p/w500/lwybGlEEJtXZM3ynY19PNwNlPn9.jpg','War','139'),
('996727','The Price We Pay','2023-01-13','After a pawn shop robbery goes askew, two criminals take refuge at a remote farmhouse to try to let the heat die down, but find something much more menacing.','http://image.tmdb.org/t/p/w500/8fwJt0qZieQ7dKaiiqehObWpXYT.jpg','Action','85'),
('19995','Avatar','2009-12-15','In the 22nd century, a paraplegic Marine is dispatched to the moon Pandora on a unique mission, but becomes torn between following orders and protecting an alien civilization.','http://image.tmdb.org/t/p/w500/jRXYjXNq0Cs2TcJjLkki24MLp7u.jpg','Action','162'),
('788752','Viking Wolf','2022-11-18','After witnessing a grotesque murder at a party in her new town, a teenager starts having strange visions and bizarre desires.','http://image.tmdb.org/t/p/w500/abBDzmy35A3Nkupn6wK2DKyFamd.jpg','Horror','97'),
('1003580','Legion of Super-Heroes','2023-02-07','Kara, devastated by the loss of Krypton, struggles to adjust to her new life on Earth. Her cousin, Superman, mentors her and suggests she leave their space-time to attend the Legion Academy in the 31st century, where she makes new friends and a new enemy: Brainiac 5. Meanwhile, she must contend with a mysterious group called the Dark Circle as it searches for a powerful weapon held in the Academy’s vault.','http://image.tmdb.org/t/p/w500/3whQLi8RI7h2h2Si2KTDFJxfEcR.jpg','Animation','84'),
('676547','Prey for the Devil','2022-10-23','In response to a global rise in demonic possessions, the Catholic Church reopens exorcism schools to train priests in the Rite of Exorcism. On this spiritual battlefield, an unlikely warrior rises: a young nun, Sister Ann. Thrust onto the spiritual frontline with fellow student Father Dante, Sister Ann finds herself in a battle for the soul of a young girl and soon realizes the Devil has her right where he wants her.','http://image.tmdb.org/t/p/w500/iCvgemXf2Kpr2LvpDmt5J9NhjKM.jpg','Horror','93'),
('736526','Troll','2022-12-01','Deep inside the mountain of Dovre, something gigantic awakens after being trapped for a thousand years. Destroying everything in its path, the creature is fast approaching the capital of Norway. But how do you stop something you thought only existed in Norwegian folklore?','http://image.tmdb.org/t/p/w500/9z4jRr43JdtU66P0iy8h18OyLql.jpg','Fantasy','104'),
('599019','Big Trip 2: Special Delivery','2022-10-07','It has been a year since Mic Mic and Oscar returned from their incredible adventure. And now, after a diabolical plan by Vulture to sabotage the delivery of the Grizzly cub to his opponent in the American presidential elections, Mic Mic, Oscar, Panda teenager and Stork set off on another great adventure as they ride a zeppelin to return little Grizzly to its rightful parents and save the American elections and the whole continent from an erupting volcano.','http://image.tmdb.org/t/p/w500/dabXVfrAFfhDte8XVemom3mTJog.jpg','Animation','90'),
('965839','Lord of the Streets','2022-04-22','When Jason Dyson refuses to make his prized fighter throw an MMA match, a notorious gangster collects his debt by killing the fighter and kidnapping Jason''s daughter. Now he must train a prisoner to endure five consecutive underground fights to save her.','http://image.tmdb.org/t/p/w500/mbigXpUgVgLOacgxlyFfsLRFqxQ.jpg','Action','85'),
('931954','Venus','2022-12-02','Lucía, a club dancer on the run, takes refuge in a sinister building on the outskirts of Madrid where her sister Rocío lives with her daughter Alba.','http://image.tmdb.org/t/p/w500/yGpJbft7JQpQHHHasRr4wWdVcuJ.jpg','Drama','101'),
('1041513','Encanto at the Hollywood Bowl','2022-12-28','A taped performance of the Encanto Live-to-Film Concert Experience at the Hollywood Bowl. The original cast puts on a miracle of a concert as they sing the favorite songs, accompanied by a full orchestra and 50 person ensemble, and the Hollywood Bowl transforms into Casita!','http://image.tmdb.org/t/p/w500/sa3Ku5yNVjp8NloWxJoI9dQjvOi.jpg','Music','45'),
('947938','Dolphin Boy','2022-04-07','When a plane crashes at sea, dolphins rescue a little boy and raise him as family. He lives a carefree life beneath the waves until an evil monster seizes power over the underwater world. The boy is banished to dry land, where a kind-hearted captain takes him in. With the captain’s help, the boy sets out on a journey to solve the mystery of his true identity.','http://image.tmdb.org/t/p/w500/gISoDEiaUH9BNEunmLC7FgUVaia.jpg','Animation','90'),
('32516','The Forbidden Legend: Sex & Chopsticks 2','2009-03-04','Rich and powerful Simon Qing has been schooled in the ways of sex by his virile father, but is still a virgin. That is, until he meets his first love Violetta who has fun with him all over his father’s estate. Their love does not last, so Simon embarks on a journey. Along the way he meets the comely nun Moon whom Simon deflowers and then marries. He then becomes enamored of Golden Lotus but she is married to dwarf Wu Da-Lang.','http://image.tmdb.org/t/p/w500/A1yymig7S0FTWv9cTtOwdI1cH5V.jpg','Comedy','93'),
('668482','Roald Dahl''s Matilda the Musical','2022-11-25','An extraordinary young girl discovers her superpower and summons the remarkable courage, against all odds, to help others change their stories, whilst also taking charge of her own destiny. Standing up for what''s right, she''s met with miraculous results.','http://image.tmdb.org/t/p/w500/ga8R3OiOMMgSvZ4cOj8x7prUNYZ.jpg','Family','117'),
('846433','The Enforcer','2022-09-22','A noir thriller set in Miami, the film follows an enforcer who discovers his femme fatale boss has branched out into cyber sex trafficking, putting a young runaway he’s befriended at risk. He sacrifices everything to save the young girl from the deadly organization he’s spent his life building.','http://image.tmdb.org/t/p/w500/pXC8JJbfnRWtbD8i2yKFqqWEO4X.jpg','Action','91'),
('677179','Creed III','2023-03-01','After dominating the boxing world, Adonis Creed has been thriving in both his career and family life. When a childhood friend and former boxing prodigy, Damien Anderson, resurfaces after serving a long sentence in prison, he is eager to prove that he deserves his shot in the ring. The face-off between former friends is more than just a fight. To settle the score, Adonis must put his future on the line to battle Damien - a fighter who has nothing to lose.','http://image.tmdb.org/t/p/w500/cvsXj3I9Q2iyyIo95AecSd1tad7.jpg','Drama','116'),
('955991','The Offering','2023-01-11','In the wake of a young Jewish girl’s disappearance, the son of a Hasidic funeral director returns home with his pregnant wife in hopes of reconciling with his father. Little do they know that directly beneath them in the family morgue, an ancient evil with sinister plans for the unborn child lurks inside a mysterious corpse.','http://image.tmdb.org/t/p/w500/tbaTFgGIaTL1Uhd0SMob6Dhi5cK.jpg','Horror','93'),
('1013870','Kids vs. Aliens','2023-01-20','All Gary wants is to make awesome home movies with his best buds. All his older sister Samantha wants is to hang with the cool kids. When their parents head out of town one Halloween weekend, an all-time rager of a teen house party turns to terror when aliens attack, forcing the siblings to band together to survive the night.','http://image.tmdb.org/t/p/w500/wQ53sO5n9LCFbssV3oQ4CuajL1L.jpg','Science Fiction','75'),
('724495','The Woman King','2022-09-16','The story of the Agojie, the all-female unit of warriors who protected the African Kingdom of Dahomey in the 1800s with skills and a fierceness unlike anything the world has ever seen, and General Nanisca as she trains the next generation of recruits and readies them for battle against an enemy determined to destroy their way of life.','http://image.tmdb.org/t/p/w500/438QXt1E3WJWb3PqNniK0tAE5c1.jpg','Action','135'),
('634649','Spider-Man: No Way Home','2021-12-15','Peter Parker is unmasked and no longer able to separate his normal life from the high-stakes of being a super-hero. When he asks for help from Doctor Strange the stakes become even more dangerous, forcing him to discover what it truly means to be Spider-Man.','http://image.tmdb.org/t/p/w500/uJYYizSuA9Y3DCs0qS4qWvHfZg4.jpg','Action','148'),
('411','The Chronicles of Narnia: The Lion, the Witch and the Wardrobe','2005-12-07','Siblings Lucy, Edmund, Susan and Peter step through a magical wardrobe and find the land of Narnia. There, they discover a charming, once peaceful kingdom that has been plunged into eternal winter by the evil White Witch, Jadis. Aided by the wise and magnificent lion, Aslan, the children lead Narnia into a spectacular, climactic battle to be free of the Witch''s glacial powers forever.','http://image.tmdb.org/t/p/w500/iREd0rNCjYdf5Ar0vfaW32yrkm.jpg','Adventure','143'),
('899112','Violent Night','2022-11-30','When a team of mercenaries breaks into a wealthy family compound on Christmas Eve, taking everyone inside hostage, the team isn’t prepared for a surprise combatant: Santa Claus is on the grounds, and he’s about to show why this Nick is no saint.','http://image.tmdb.org/t/p/w500/1XSYOP0JjjyMz1irihvWywro82r.jpg','Action','112'),
('1078862','All the Places','2023-02-14','Two siblings who haven''t seen each other in 15 years mend their relationship while fulfilling a childhood dream: a motorcycle road trip through Mexico.','http://image.tmdb.org/t/p/w500/1mdYZDqYcRjD4yF8MCh8OPtXApI.jpg','Comedy','97'),
('985939','Fall','2022-08-11','For best friends Becky and Hunter, life is all about conquering fears and pushing limits. But after they climb 2,000 feet to the top of a remote, abandoned radio tower, they find themselves stranded with no way down. Now Becky and Hunter’s expert climbing skills will be put to the ultimate test as they desperately fight to survive the elements, a lack of supplies, and vertigo-inducing heights','http://image.tmdb.org/t/p/w500/v28T5F1IygM8vXWZIycfNEm3xcL.jpg','Thriller','107'),
('877703','Teen Wolf: The Movie','2023-01-18','The wolves are howling once again, as a terrifying ancient evil emerges in Beacon Hills. Scott McCall, no longer a teenager yet still an Alpha, must gather new allies and reunite trusted friends to fight back against this powerful and deadly enemy.','http://image.tmdb.org/t/p/w500/wAkpPm3wcHRqZl8XjUI3Y2chYq2.jpg','Action','140'),
('966220','Sniper: The White Raven','2022-05-03','Mykola is an eccentric pacifist who wants to be useful to humanity. When the war begins at Donbass, Mykola’s naive world is collapsing as the militants kill his pregnant wife and burn his home to the ground. Recovered, he makes a cardinal decision and gets enlisted in a sniper company. Having met his wife’s killers, he emotionally breaks down and arranges “sniper terror” for the enemy. He’s saved from a senseless death by his instructor who himself gets mortally wounded. The death of a friend leaves a “scar” and Mykola is ready to sacrifice his life.','http://image.tmdb.org/t/p/w500/lZOODJzwuQo0etJJyBBZJOSdZcW.jpg','War','120'),
('1013860','R.I.P.D. 2: Rise of the Damned','2022-11-15','When Sheriff Roy Pulsipher finds himself in the afterlife, he joins a special police force and returns to Earth to save humanity from the undead.','http://image.tmdb.org/t/p/w500/g4yJTzMtOBUTAR2Qnmj8TYIcFVq.jpg','Fantasy','102'),
('746524','Blood','2023-01-12','Jess, a newly separated mother and nurse, moves into her old family farmhouse with Tyler, her teenage daughter, and Owen, her eight-year-old son. One night, the family dog senses something in the woods and runs off to find it. He returns a couple of days later and attacks Owen, savagely biting him before Jess is able to intervene. Owen is rushed to the hospital. His condition worsens, and no one can figure out why... until Jess discovers a disturbing cure...','http://image.tmdb.org/t/p/w500/gCUFtTvjK4gbmjVxhx8bhyOhAeW.jpg','Thriller','108'),
('542196','Wolf Hound','2022-06-03','Inspired by the real-life German special operations unit KG 200 that shot down, repaired, and flew Allied aircraft as Trojan horses, "Wolf Hound" takes place in 1944 German-occupied France and follows the daring exploits of Jewish-American fighter pilot Captain David Holden. Ambushed behind enemy lines, Holden must rescue a captured B-17 Flying Fortress crew, evade a ruthless enemy stalking him at every turn, and foil a plot that could completely alter the outcome of World War II.','http://image.tmdb.org/t/p/w500/gHC0eFvXXNokP3sSNCTG2uks87R.jpg','War','127'),
('615777','Babylon','2022-12-22','A tale of outsized ambition and outrageous excess, tracing the rise and fall of multiple characters in an era of unbridled decadence and depravity during Hollywood''s transition from silent films and to sound films in the late 1920s.','http://image.tmdb.org/t/p/w500/wjOHjWCUE0YzDiEzKv8AfqHj3ir.jpg','Drama','189'),
('573171','A Frozen Rooster','2022-12-14','Follow the adventures of Toto and his family, who will have to travel to the South Pole to fulfill their promise to return a polar bear and some Spanish penguins to their home. In order to fulfill the promise, they will have to overcome some obstacles that will teach them how important teamwork is.','http://image.tmdb.org/t/p/w500/gBBCBMXKzWRADtliUYfV69aVIcz.jpg','Animation','91'),
('361743','Top Gun: Maverick','2022-05-24','After more than thirty years of service as one of the Navy’s top aviators, and dodging the advancement in rank that would ground him, Pete “Maverick” Mitchell finds himself training a detachment of TOP GUN graduates for a specialized mission the likes of which no living pilot has ever seen.','http://image.tmdb.org/t/p/w500/62HCnUTziyWcpDaBO2i1DX17ljH.jpg','Action','131'),
('616037','Thor: Love and Thunder','2022-07-06','After his retirement is interrupted by Gorr the God Butcher, a galactic killer who seeks the extinction of the gods, Thor Odinson enlists the help of King Valkyrie, Korg, and ex-girlfriend Jane Foster, who now wields Mjolnir as the Mighty Thor. Together they embark upon a harrowing cosmic adventure to uncover the mystery of the God Butcher’s vengeance and stop him before it’s too late.','http://image.tmdb.org/t/p/w500/pIkRyD18kl4FhoCNQuWxWu5cBLM.jpg','Fantasy','119'),
('555604','Guillermo del Toro''s Pinocchio','2022-11-09','During the rise of fascism in Mussolini''s Italy, a wooden boy brought magically to life struggles to live up to his father''s expectations.','http://image.tmdb.org/t/p/w500/vx1u0uwxdlhV2MUzj4VlcMB0N6m.jpg','Animation','117'),
('826753','Candy Land','2023-01-06','Remy, a seemingly naive and devout young woman, finds herself cast out from her religious cult. With no place to turn, she immerses herself into the underground world of truck stop sex workers. Under the watchful eye of their matriarch and an enigmatic local lawman, Remy navigates between her strained belief system and the code to find her true calling in life.','http://image.tmdb.org/t/p/w500/r7ZipEd9oHHVVXTcvbx3Sd3Tukv.jpg','Horror','93'),
('507086','Jurassic World Dominion','2022-06-01','Four years after the destruction of Isla Nublar, Biosyn operatives attempt to track down Maisie Lockwood, while Dr Ellie Sattler investigates a genetically engineered swarm of giant insects.','http://image.tmdb.org/t/p/w500/kAVRgw7GgK1CfYEJq8ME6EvRIgU.jpg','Adventure','147'),
('988233','Hex','2022-11-01','Following a mysterious disappearance on a jump, a group of skydivers experiences paranormal occurrences that leave them fighting for their lives.','http://image.tmdb.org/t/p/w500/xFJHb43ZAnnuiDztxZYsmyopweb.jpg','Action','88'),
('852096','We Have a Ghost','2023-02-24','After Kevin finds a ghost named Ernest haunting his new home, he becomes an overnight social media sensation. But when Kevin and Ernest go rogue to investigate the mystery of the latter''s past, they become targets of the CIA.','http://image.tmdb.org/t/p/w500/xo0fgAUoEeVQ7KsKeMWypyglvnf.jpg','Fantasy','127'),
('663712','Terrifier 2','2022-10-06','After being resurrected by a sinister entity, Art the Clown returns to Miles County where he must hunt down and destroy a teenage girl and her younger brother on Halloween night.  As the body count rises, the siblings fight to stay alive while uncovering the true nature of Art''s evil intent.','http://image.tmdb.org/t/p/w500/8gLhu8UFPZfH2Hv11JhTZkb9CVl.jpg','Horror','138'),
('703451','Your Place or Mine','2023-02-10','When best friends and total opposites Debbie and Peter swap homes for a week, they get a peek into each other''s lives that could open the door to love.','http://image.tmdb.org/t/p/w500/ApkSeqfIPRCxOtfjXYYE6Ji7jVU.jpg','Romance','109'),
('635302','Demon Slayer -Kimetsu no Yaiba- The Movie: Mugen Train','2020-10-16','Tanjir? Kamado, joined with Inosuke Hashibira, a boy raised by boars who wears a boar''s head, and Zenitsu Agatsuma, a scared boy who reveals his true power when he sleeps, boards the Infinity Train on a new mission with the Fire Hashira, Ky?jur? Rengoku, to defeat a demon who has been tormenting the people and killing the demon slayers who oppose it!','http://image.tmdb.org/t/p/w500/h8Rb9gBr48ODIwYUttZNYeMWeUU.jpg','Animation','117'),
('551271','Medieval','2022-09-08','The story of 14th century Czech icon and warlord Jan Zizka who defeated armies of the Teutonic Order and the Holy Roman Empire.','http://image.tmdb.org/t/p/w500/eeUNWsdoiOijOZAMaWFDA5Pb1n8.jpg','History','126'),
('877269','Strange World','2022-11-23','A journey deep into an uncharted and treacherous land, where fantastical creatures await the legendary Clades—a family of explorers whose differences threaten to topple their latest, and by far most crucial, mission.','http://image.tmdb.org/t/p/w500/fHMqfsYyl3lskPK2RiFRwhzwuep.jpg','Animation','102'),
('943822','Prizefighter: The Life of Jem Belcher','2022-06-30','At the turn of the 19th century, Pugilism was the sport of kings and a gifted young boxer fought his way to becoming champion of England.','http://image.tmdb.org/t/p/w500/x3PIk93PTbxT88ohfeb26L1VpZw.jpg','Drama','107'),
('299536','Avengers: Infinity War','2018-04-25','As the Avengers and their allies have continued to protect the world from threats too large for any one hero to handle, a new danger has emerged from the cosmic shadows: Thanos. A despot of intergalactic infamy, his goal is to collect all six Infinity Stones, artifacts of unimaginable power, and use them to inflict his twisted will on all of reality. Everything the Avengers have fought for has led up to this moment - the fate of Earth and existence itself has never been more uncertain.','http://image.tmdb.org/t/p/w500/7WsyChQLEftFiDOVTGkv3hFpyyt.jpg','Adventure','149'),
('818422','Ritual','2022-09-07','The discovery of a chopped-off hand in a Brussels canal forces Belgian police diver Kiki to face deep guilt from the past, her own and her country’s.  Based on the book ‘Ritual’ by Mo Hayder.','http://image.tmdb.org/t/p/w500/9i4v0kITWH4xVdTN0JgNjwKf3CY.jpg','Thriller','120'),
('838484','Choose or Die','2022-04-15','In pursuit of an unclaimed $125,000 prize, a broke college dropout decides to play an obscure, 1980s survival computer game. But the game curses her, and she’s faced with dangerous choices and reality-warping challenges. After a series of unexpectedly terrifying moments, she realizes she’s no longer playing for the money but for her life.','http://image.tmdb.org/t/p/w500/jEYE5BPFd5FuPa1judcjpW6xqKp.jpg','Horror','85'),
('980078','Winnie-the-Pooh: Blood and Honey','2023-01-27','Christopher Robin is headed off to college and he has abandoned his old friends, Pooh and Piglet, which then leads to the duo embracing their inner monsters.','http://image.tmdb.org/t/p/w500/wtFwgFFk1ze789ghcadWGEVjj3N.jpg','Horror','84'),
('661374','Glass Onion: A Knives Out Mystery','2022-11-23','World-famous detective Benoit Blanc heads to Greece to peel back the layers of a mystery surrounding a tech billionaire and his eclectic crew of friends.','http://image.tmdb.org/t/p/w500/vDGr1YdrlfbU9wxTOdpf3zChmv9.jpg','Comedy','140'),
('1045944','The Boss Baby: Christmas Bonus','2022-12-06','Christmas Eve takes a twisty turn when the Boss Baby accidentally swaps places with one of Santa''s elves and gets stranded at the North Pole.','http://image.tmdb.org/t/p/w500/iMmMxF6f2OonUrXrHKBLSYAhXly.jpg','Animation','47'),
('810693','Jujutsu Kaisen 0','2021-12-24','Yuta Okkotsu is a nervous high school student who is suffering from a serious problem—his childhood friend Rika has turned into a curse and won''t leave him alone. Since Rika is no ordinary curse, his plight is noticed by Satoru Gojo, a teacher at Jujutsu High, a school where fledgling exorcists learn how to combat curses. Gojo convinces Yuta to enroll, but can he learn enough in time to confront the curse that haunts him?','http://image.tmdb.org/t/p/w500/23oJaeBh0FDk2mQ2P240PU9Xxfh.jpg','Animation','105'),
('740952','Savage Salvation','2022-12-02','Newly engaged Shelby John and Ruby Red want a fresh start after their struggles with addiction, but when Shelby discovers his beloved Ruby dead on their porch, he embarks on a vengeful killing spree of the dealers who supplied her. Armed with nothing but adrenaline and a nail gun, Shelby begins to unleash chaos on the town’s criminal underbelly, as he hunt’s down crime lord Coyote. Sheriff Church must race against the clock to put an end to Shelby''s vigilante justice before the entire town descends into a bloodbath.','http://image.tmdb.org/t/p/w500/fJRt3mmZEvf8gQzoNLzjPtWpc9o.jpg','Action','101'),
('610150','Dragon Ball Super: Super Hero','2022-06-11','The Red Ribbon Army, an evil organization that was once destroyed by Goku in the past, has been reformed by a group of people who have created new and mightier Androids, Gamma 1 and Gamma 2, and seek vengeance against Goku and his family.','http://image.tmdb.org/t/p/w500/rugyJdeoJm7cSJL1q4jBpTNbxyU.jpg','Animation','99'),
('869112','Somebody I Used to Know','2023-02-10','On a trip to her hometown, workaholic Ally reminisces with her first love Sean, and starts to question everything about the person she''s become. Things only get more confusing when she meets Sean''s fiancé, Cassidy, who reminds her of the person she used to be.','http://image.tmdb.org/t/p/w500/ovHxxphDgjyEpYriDoGoIHfrdZL.jpg','Romance','106'),
('836988','Chasing Love Time Machine','2018-04-04','Young student finds a time machine and ventures to the past to win a girl before she meets her husband','http://image.tmdb.org/t/p/w500/eogWnCOhRVl9qxEjH8VLycfJGOb.jpg','Drama','63'),
('937278','A Man Called Otto','2022-12-28','When a lively young family moves in next door, grumpy widower Otto Anderson meets his match in a quick-witted, pregnant woman named Marisol, leading to an unlikely friendship that turns his world upside down.','http://image.tmdb.org/t/p/w500/130H1gap9lFfiTF9iDrqNIkFvC9.jpg','Comedy','126'),
('453395','Doctor Strange in the Multiverse of Madness','2022-05-04','Doctor Strange, with the help of mystical allies both old and new, traverses the mind-bending and dangerous alternate realities of the Multiverse to confront a mysterious new adversary.','http://image.tmdb.org/t/p/w500/9Gtg2DzBhmYamXBS1hKAhiwbBKS.jpg','Fantasy','126'),
('766507','Prey','2022-08-02','When danger threatens her camp, the fierce and highly skilled Comanche warrior Naru sets out to protect her people. But the prey she stalks turns out to be a highly evolved alien predator with a technically advanced arsenal.','http://image.tmdb.org/t/p/w500/ujr5pztc1oitbe7ViMUOilFaJ7s.jpg','Thriller','100'),
('943221','Evil Eye','2022-09-22','Nala, a thirteen-year-old girl from the city, travels with her family to her grandmother''s home in the countryside, to try to find a cure for her little sister''s mysterious illness - But she''ll soon find her granny is not exactly what she seems...','http://image.tmdb.org/t/p/w500/tshEIrdYNHQYubiiRz8mRZR6KQA.jpg','Horror','100'),
('899579','There''s Something Wrong with the Children','2023-01-17','Margaret and Ben take a weekend trip with longtime friends Ellie and Thomas and their two young children. Eventually, Ben begins to suspect something supernatural is occurring when the kids behave strangely after disappearing into the woods overnight.','http://image.tmdb.org/t/p/w500/e49Sr3Lxfk2psYhv1SzQjs7MeGo.jpg','Horror','92'),
('760204','The Lair','2022-10-28','Royal Air Force pilot Lt. Kate Sinclair is on her final flight mission when her jet is shot down over one of the most dangerous rebel strongholds in Afghanistan. She finds refuge in an abandoned underground bunker where deadly man-made creatures known as Ravagers — half-human, half-alien, and hungry for human flesh — are awakened.','http://image.tmdb.org/t/p/w500/ifRFLx83Xk1DcwAS3OScgI6HmWO.jpg','Horror','93'),
('49046','All Quiet on the Western Front','2022-10-07','Paul Baumer and his friends Albert and Muller, egged on by romantic dreams of heroism, voluntarily enlist in the German army. Full of excitement and patriotic fervour, the boys enthusiastically march into a war they believe in. But once on the Western Front, they discover the soul-destroying horror of World War I.','http://image.tmdb.org/t/p/w500/hYqOjJ7Gh1fbqXrxlIao1g8ZehF.jpg','Action','147'),
('873126','My Name Is Vendetta','2022-11-30','After old enemies kill his family, a former mafia enforcer and his feisty daughter flee to Milan, where they hide out while plotting their revenge.','http://image.tmdb.org/t/p/w500/7l3war94J4tRyWUiLAGokr3ViF2.jpg','Action','90'),
('840789','Matadero','2022-12-09','An American filmmaker arrives in the Argentinian pampa to film Matadero: a founding narrative of class struggle where a group of laborers slaughter their bosses like cattle. It is 1974, the violent persecution of the left has just begun in Argentina, and the young actors in the film are on the verge of taking a leap into full time clandestine militancy.','http://image.tmdb.org/t/p/w500/8YHXvW1GWEcXAZXXSHfTsaGi4i2.jpg','Drama','106'),
('675353','Sonic the Hedgehog 2','2022-04-08','After settling in Green Hills, Sonic is eager to prove he has what it takes to be a true hero. His test comes when Dr. Robotnik returns, this time with a new partner, Knuckles, in search for an emerald that has the power to destroy civilizations. Sonic teams up with his own sidekick, Tails, and together they embark on a globe-trotting journey to find the emerald before it falls into the wrong hands.','http://image.tmdb.org/t/p/w500/6DrHO1jr3qVrViUO6s6kFiAGM7.jpg','Action','122'),
('671','Harry Potter and the Philosopher''s Stone','2001-11-16','Harry Potter has lived under the stairs at his aunt and uncle''s house his whole life. But on his 11th birthday, he learns he''s a powerful wizard—with a place waiting for him at the Hogwarts School of Witchcraft and Wizardry. As he learns to harness his newfound powers with the help of the school''s kindly headmaster, Harry uncovers the truth about his parents'' deaths—and about the villain who''s to blame.','http://image.tmdb.org/t/p/w500/wuMc08IPKEatf9rnMNXvIDxqP4W.jpg','Adventure','152'),
('545611','Everything Everywhere All at Once','2022-03-24','An aging Chinese immigrant is swept up in an insane adventure, where she alone can save what''s important to her by connecting with the lives she could have led in other universes.','http://image.tmdb.org/t/p/w500/w3LxiVYdWWRvEVdn5RYq6jIqkb1.jpg','Action','140'),
('1077280','Die Hart','2023-02-22','Follows a fictionalized version of Kevin Hart, as he tries to become an action movie star. He attends a school run by Ron Wilcox, where he attempts to learn the ropes on how to become one of the industry''s most coveted action stars.','http://image.tmdb.org/t/p/w500/1EnBjTJ5utgT1OXYBZ8YwByRCzP.jpg','Action','85'),
('882598','Smile','2022-09-23','After witnessing a bizarre, traumatic incident involving a patient, Dr. Rose Cotter starts experiencing frightening occurrences that she can''t explain. As an overwhelming terror begins taking over her life, Rose must confront her troubling past in order to survive and escape her horrifying new reality.','http://image.tmdb.org/t/p/w500/aPqcQwu4VGEewPhagWNncDbJ9Xp.jpg','Horror','115'),
('575322','Project Gemini','2022-01-06','After depleting Earth''s resources for centuries, humankind''s survival requires an exodus to outer space. An international expedition is quickly formed to find a suitable new planet, but when plans go awry, the crew is suddenly stranded without power on a strange planet, where something unimaginable lies in wait.','http://image.tmdb.org/t/p/w500/eX6tDFp4RhhjZaa1HUDUzFGPWYk.jpg','Science Fiction','99'),
('683328','The Big 4','2022-12-19','A by-the-book female detective teams up with four down-on-their-luck assassins to investigate her father''s murder.','http://image.tmdb.org/t/p/w500/jrw684BhFJZ9Jac6KJda3hSQkxt.jpg','Action','141'),
('414906','The Batman','2022-03-02','In his second year of fighting crime, Batman uncovers corruption in Gotham City that connects to his own family while facing a serial killer known as the Riddler.','http://image.tmdb.org/t/p/w500/74xTEgt7R36Fpooo50r9T25onhq.jpg','Crime','177'),
('67308','3-D Sex and Zen: Extreme Ecstasy','2011-04-14','Loosely based on a 17th century erotic Chinese story named The Carnal Prayer Mat, the story follows a young scholar named Yangsheng who gets married to the beautiful daughter of a local merchant. When their sex life proves unsatisfactory, Yangsheng leaves home and journeys to the Pavilion of Ultimate Bliss.','http://image.tmdb.org/t/p/w500/mmvFokJgpFmNt522Hfpq3Zfs2Ra.jpg','Drama','105'),
('1063422','The Strays','2023-02-17','A Black woman''s meticulously crafted life of privilege starts to unravel when two strangers show up in her quaint suburban town.','http://image.tmdb.org/t/p/w500/3OKBFYRVSKkBVJ7WpKogTVQfUqC.jpg','Thriller','100'),
('717728','Jeepers Creepers: Reborn','2022-09-15','Forced to travel with her boyfriend to a horror festival, Laine begins to experience disturbing visions associated with the urban legend of The Creeper. As the festival arrives and the blood-soaked entertainment builds to a frenzy, she becomes the center of it while something unearthly has been summoned.','http://image.tmdb.org/t/p/w500/aGBuiirBIQ7o64FmJxO53eYDuro.jpg','Horror','88'),
('718930','Bullet Train','2022-07-03','Unlucky assassin Ladybug is determined to do his job peacefully after one too many gigs gone off the rails. Fate, however, may have other plans, as Ladybug''s latest mission puts him on a collision course with lethal adversaries from around the globe—all with connected, yet conflicting, objectives—on the world''s fastest train.','http://image.tmdb.org/t/p/w500/tVxDe01Zy3kZqaZRNiXFGDICdZk.jpg','Action','126'),
('732459','Blade of the 47 Ronin','2022-10-25','In this sequel to "47 Ronin," a new class of warriors emerges among the Samurai clans to keep a sought-after sword from falling into the wrong hands.','http://image.tmdb.org/t/p/w500/kjFDIlUCJkcpFxYKtE6OsGcAfQQ.jpg','Action','106'),
('751741','Night at the Museum: Kahmunrah Rises Again','2022-12-09','Nick Daley is following in his father''s footsteps as night watchman at the American Museum of Natural History, so he knows what happens when the sun goes down. But when the maniacal ruler Kahmunrah escapes, it is up to Nick to save the museum once and for all.','http://image.tmdb.org/t/p/w500/mkRQn520JQD07BNP03NK3iKCaPD.jpg','Animation','77');